name,Memorability,animate,logitM
00034258.jpg,0.501143,0,0.004572008
00000942.jpg,0.5242522,0,0.097084984
00015697.jpg,0.5336534,0,0.13481743
00034369.jpg,0.545827,0,0.183823893
00042212.jpg,0.5565716,0,0.227259478
00007263.jpg,0.5638218,0,0.256687369
00036898.jpg,0.5660044,0,0.265567456
00036634.jpg,0.5661596,0,0.266199293
00036799.jpg,0.566849,0,0.269006557
00035605.jpg,0.5687208,0,0.276633952
00036668.jpg,0.5724094,0,0.291688274
00013268.jpg,0.574223,0,0.299102088
00035620.jpg,0.5754726,0,0.304215066
00040361.jpg,0.5838046,0,0.338411476
00037209.jpg,0.5851536,0,0.343966046
00037928.jpg,0.5851822,0,0.344083864
00035058.jpg,0.586777,0,0.350657451
00036946.jpg,0.5872388,0,0.352562334
00040367.jpg,0.5874228,0,0.353321493
00016249.jpg,0.5884138,0,0.357411966
00026775.jpg,0.589924,0,0.363651207
00026911.jpg,0.59,0,0.363965377
00037568.jpg,0.5911162,0,0.368581606
00045878.jpg,0.5944238,0,0.382283761
00019632.jpg,0.5948086,0,0.383880125
00027096.jpg,0.6075974,0,0.437224138
00045611.jpg,0.6114806,0,0.453540125
00038110.jpg,0.6165864,0,0.475084157
00025005.jpg,0.6186326,0,0.483748344
00010978.jpg,0.6190764,0,0.48562986
00004897.jpg,0.6214388,0,0.495659684
00005830.jpg,0.6214654,0,0.495772755
00008277.jpg,0.6217534,0,0.496997187
00014886.jpg,0.6238084,0,0.505744682
00042388.jpg,0.6239962,0,0.506545029
00034401.jpg,0.6302966,0,0.53348944
00039925.jpg,0.63175,0,0.539731691
00045237.jpg,0.6327108,0,0.543863897
00035423.jpg,0.6327756,0,0.544142752
00035098.jpg,0.6329672,0,0.544967387
00023308.jpg,0.6379658,0,0.566545994
00026914.jpg,0.6393144,0,0.572389687
00000374.jpg,0.6405086,0,0.577572293
00025717.jpg,0.6423946,0,0.585772613
00009005.jpg,0.643129,0,0.588970954
00036782.jpg,0.6451102,0,0.597613836
00048387.jpg,0.6452956,0,0.59842374
00015388.jpg,0.647528,0,0.608190849
00048420.jpg,0.6509084,0,0.623034574
00005786.jpg,0.6516982,0,0.626512226
00040393.jpg,0.6521118,0,0.628334856
00024717.jpg,0.6549648,0,0.640935053
00022775.jpg,0.656207,0,0.646436556
00037295.jpg,0.6567148,0,0.648688241
00003873.jpg,0.6570118,0,0.650005935
00036190.jpg,0.657148,0,0.650610392
00046157.jpg,0.6580088,0,0.654433299
00043626.jpg,0.659997,0,0.663280848
00035064.jpg,0.6611604,0,0.668469634
00038710.jpg,0.6613984,0,0.669532186
00037436.jpg,0.661599,0,0.670428049
00020712.jpg,0.6619306,0,0.671909517
00035831.jpg,0.662152,0,0.672899047
00043797.jpg,0.6653396,0,0.687181301
00040886.jpg,0.666818,0,0.693828258
00033973.jpg,0.6671592,0,0.695364401
00024702.jpg,0.6674494,0,0.696671553
00024833.jpg,0.6699318,0,0.707876616
00010314.jpg,0.6703982,0,0.709986605
00026583.jpg,0.6724668,0,0.719363318
00038811.jpg,0.6728494,0,0.721100915
00036199.jpg,0.672993,0,0.721753351
00013422.jpg,0.6735586,0,0.724324547
00036037.jpg,0.6750262,0,0.731006941
00038697.jpg,0.6753214,0,0.732352956
00027209.jpg,0.676504,0,0.737751611
00034508.jpg,0.6767856,0,0.739038651
00033954.jpg,0.6772004,0,0.740935544
00016562.jpg,0.6772674,0,0.741242056
00046890.jpg,0.6783574,0,0.746233296
00027618.jpg,0.6789296,0,0.748857027
00028342.jpg,0.6790456,0,0.749389226
00000010.jpg,0.6790974,0,0.749626913
00038455.jpg,0.680107,0,0.754263574
00027546.jpg,0.6803376,0,0.755323707
00012636.jpg,0.6820118,0,0.763032685
00027210.jpg,0.683223,0,0.768623251
00037211.jpg,0.6836988,0,0.770822546
00029436.jpg,0.6843436,0,0.77380585
00045644.jpg,0.6848652,0,0.776221547
00016113.jpg,0.6849646,0,0.776682145
00038498.jpg,0.6855738,0,0.779506761
00008249.jpg,0.6857234,0,0.78020085
00047357.jpg,0.686877,0,0.785559152
00036398.jpg,0.6871962,0,0.787043684
00035707.jpg,0.6872222,0,0.787164641
00039750.jpg,0.6874912,0,0.788416401
00044909.jpg,0.6877664,0,0.78969762
00034571.jpg,0.6880716,0,0.791119228
00009163.jpg,0.6890856,0,0.795847868
00017100.jpg,0.689164,0,0.796213827
00048316.jpg,0.689927,0,0.799778041
00034346.jpg,0.6899522,0,0.799895841
00037796.jpg,0.6902254,0,0.801173275
00039358.jpg,0.6908168,0,0.803940684
00045303.jpg,0.6909074,0,0.804364898
00009747.jpg,0.6914512,0,0.806912562
00041726.jpg,0.691812,0,0.808604256
00038061.jpg,0.692046,0,0.809702006
00035927.jpg,0.6922016,0,0.810432219
00039041.jpg,0.692392,0,0.811326024
00019197.jpg,0.6926384,0,0.812483169
00024820.jpg,0.6928336,0,0.813400235
00044191.jpg,0.6940064,0,0.818916996
00036357.jpg,0.6940388,0,0.81906957
00045435.jpg,0.6943408,0,0.82049215
00034294.jpg,0.6948556,0,0.822918947
00029119.jpg,0.6950526,0,0.823848223
00040157.jpg,0.6954874,0,0.825900429
00025324.jpg,0.6956976,0,0.826893139
00043891.jpg,0.6971872,0,0.833939162
00045771.jpg,0.6979584,0,0.837594746
00036950.jpg,0.699004,0,0.842559489
00034480.jpg,0.6994086,0,0.844483253
00039113.jpg,0.7000794,0,0.847675984
00034442.jpg,0.7010844,0,0.85246702
00040007.jpg,0.701224,0,0.853133251
00036288.jpg,0.7018498,0,0.856122035
00010225.jpg,0.7019392,0,0.856549298
00001944.jpg,0.7021892,0,0.857744498
00034251.jpg,0.7027876,0,0.860607678
00044554.jpg,0.7031654,0,0.86241706
00036976.jpg,0.7041166,0,0.86697851
00020082.jpg,0.7041406,0,0.867093711
00014134.jpg,0.7054512,0,0.873392904
00047620.jpg,0.7057454,0,0.87480917
00046845.jpg,0.7057616,0,0.87488718
00001750.jpg,0.7064272,0,0.878094504
00039390.jpg,0.7069552,0,0.880641799
00045093.jpg,0.7075244,0,0.883390872
00029380.jpg,0.7082284,0,0.886795336
00041046.jpg,0.7085394,0,0.888300834
00038345.jpg,0.708923,0,0.89015908
00017577.jpg,0.7090324,0,0.890689303
00040879.jpg,0.7090386,0,0.890719356
00039195.jpg,0.710105,0,0.895894058
00042702.jpg,0.710241,0,0.896554806
00012700.jpg,0.711175,0,0.901097563
00035747.jpg,0.7115798,0,0.903069124
00034944.jpg,0.71175,0,0.903898567
00045681.jpg,0.712449,0,0.907308095
00027645.jpg,0.7125448,0,0.907775765
00017756.jpg,0.7129052,0,0.909535977
00038206.jpg,0.713585,0,0.912859753
00013715.jpg,0.714061,0,0.915189892
00024633.jpg,0.7150708,0,0.92014083
00041230.jpg,0.7150986,0,0.92027728
00047321.jpg,0.715208,0,0.92081432
00043603.jpg,0.715355,0,0.921536133
00040166.jpg,0.7154952,0,0.922224765
00016899.jpg,0.7157168,0,0.923313634
00043936.jpg,0.7164792,0,0.927063728
00044460.jpg,0.7168086,0,0.928685865
00036412.jpg,0.7170328,0,0.929790596
00037373.jpg,0.717576,0,0.932469378
00037563.jpg,0.7181706,0,0.935405222
00006908.jpg,0.7187198,0,0.938120248
00004236.jpg,0.7187398,0,0.938219181
00025310.jpg,0.7197198,0,0.943072153
00019794.jpg,0.719822,0,0.943578844
00039630.jpg,0.72049,0,0.946893466
00029092.jpg,0.7206712,0,0.947793417
00047226.jpg,0.7210882,0,0.949865857
00041016.jpg,0.7218956,0,0.953883947
00047860.jpg,0.7224688,0,0.956740876
00038963.jpg,0.7232608,0,0.96069433
00027784.jpg,0.7235512,0,0.962145679
00034374.jpg,0.7244022,0,0.966404206
00036125.jpg,0.7247674,0,0.968234217
00027361.jpg,0.7252776,0,0.970793345
00044735.jpg,0.7255922,0,0.972372828
00034464.jpg,0.725816,0,0.973497125
00043107.jpg,0.7263004,0,0.975932549
00007628.jpg,0.7264022,0,0.976444711
00028448.jpg,0.7267274,0,0.97808161
00041090.jpg,0.7273174,0,0.98105449
00027704.jpg,0.7274174,0,0.981558766
00046199.jpg,0.7276632,0,0.982798768
00016695.jpg,0.728036,0,0.984680793
00048700.jpg,0.728325,0,0.986140878
00014973.jpg,0.7285076,0,0.987063912
00024873.jpg,0.7299874,0,0.994558649
00007894.jpg,0.7306322,0,0.997832455
00040559.jpg,0.7308946,0,0.999166139
00001175.jpg,0.7311524,0,1.000477243
00027682.jpg,0.7311698,0,1.000565764
00007859.jpg,0.731314,0,1.001299505
00043903.jpg,0.731582,0,1.002663846
00001336.jpg,0.7322076,0,1.005852027
00005365.jpg,0.7326338,0,1.008026732
00038671.jpg,0.7326398,0,1.008057363
00027910.jpg,0.732827,0,1.009013269
00046691.jpg,0.7328596,0,1.009179779
00046253.jpg,0.7328728,0,1.009247204
00039263.jpg,0.7331302,0,1.010562413
00037189.jpg,0.7333656,0,1.011765918
00037131.jpg,0.733568,0,1.012801248
00006730.jpg,0.733777,0,1.013870864
00006163.jpg,0.73444,0,1.0172675
00042987.jpg,0.7346046,0,1.018111606
00040068.jpg,0.7352918,0,1.02163934
00033983.jpg,0.7355966,0,1.023205903
00034160.jpg,0.7356802,0,1.02363578
00048122.jpg,0.7357788,0,1.024142899
00026899.jpg,0.735911,0,1.02482302
00026948.jpg,0.7364728,0,1.027715715
00036353.jpg,0.7373118,0,1.032043092
00047411.jpg,0.7375056,0,1.033043933
00011209.jpg,0.737799,0,1.034560045
00034640.jpg,0.7382106,0,1.036688786
00048279.jpg,0.7389788,0,1.040667603
00047541.jpg,0.7392416,0,1.042030488
00017896.jpg,0.7400108,0,1.046024689
00036406.jpg,0.7407124,0,1.049674555
00034594.jpg,0.7408044,0,1.050153634
00016886.jpg,0.741024,0,1.05129762
00041836.jpg,0.7414672,0,1.053608354
00047629.jpg,0.7421018,0,1.056921497
00042139.jpg,0.7422544,0,1.05771899
00003340.jpg,0.7422886,0,1.057897762
00026634.jpg,0.7425852,0,1.05944882
00041213.jpg,0.7436384,0,1.064965947
00017272.jpg,0.7442234,0,1.068036851
00036488.jpg,0.7444096,0,1.069015258
00038245.jpg,0.7445004,0,1.069492545
00045119.jpg,0.7450814,0,1.072549196
00043805.jpg,0.7457724,0,1.076190531
00047926.jpg,0.746305,0,1.079001606
00012822.jpg,0.746321,0,1.079086114
00012921.jpg,0.746814,0,1.081691762
00003307.jpg,0.7473832,0,1.084704323
00040003.jpg,0.7473914,0,1.084747755
00028003.jpg,0.7474572,0,1.085096307
00014085.jpg,0.747966,0,1.087793523
00024812.jpg,0.7492608,0,1.094673765
00047488.jpg,0.7496084,0,1.096524845
00044865.jpg,0.7510436,0,1.104185925
00026075.jpg,0.7513074,0,1.105597293
00019537.jpg,0.751354,0,1.105846714
00035017.jpg,0.7514748,0,1.106493427
00047100.jpg,0.7524226,0,1.111574874
00025264.jpg,0.7524886,0,1.111929205
00015800.jpg,0.7526442,0,1.11276482
00025053.jpg,0.752925,0,1.114273687
00011389.jpg,0.7534408,0,1.117048321
00025357.jpg,0.7545332,0,1.122937576
00012927.jpg,0.7547544,0,1.124132241
00041582.jpg,0.7550802,0,1.125893159
00013200.jpg,0.7550938,0,1.1259667
00036302.jpg,0.7551982,0,1.126531328
00028813.jpg,0.755361,0,1.127412126
00016178.jpg,0.755756,0,1.129550847
00037917.jpg,0.7560092,0,1.130923026
00046906.jpg,0.7561418,0,1.131642016
00025928.jpg,0.7572564,0,1.137696159
00044777.jpg,0.7576558,0,1.139870163
00001877.jpg,0.75771,0,1.140165371
00021426.jpg,0.757805,0,1.14068291
00036896.jpg,0.757857,0,1.140966253
00037555.jpg,0.7585608,0,1.144805272
00002189.jpg,0.7599794,0,1.152566575
00026186.jpg,0.7604606,0,1.15520639
00024559.jpg,0.761173,0,1.159121224
00046475.jpg,0.7613646,0,1.160175485
00005826.jpg,0.7613746,0,1.160230525
00011249.jpg,0.7614346,0,1.160560799
00044427.jpg,0.761752,0,1.162308895
00021649.jpg,0.7621176,0,1.164324441
00016202.jpg,0.7626982,0,1.16752966
00025198.jpg,0.762822,0,1.1682138
00036915.jpg,0.7632476,0,1.170567618
00038900.jpg,0.765349,0,1.182232635
00024343.jpg,0.7654046,0,1.182542255
00027282.jpg,0.7654912,0,1.183024605
00010297.jpg,0.7656614,0,1.183972957
00028247.jpg,0.765715,0,1.184271715
00025785.jpg,0.765768,0,1.184567175
00006985.jpg,0.7663118,0,1.187601388
00021731.jpg,0.7666924,0,1.189727923
00042195.jpg,0.7671124,0,1.192077402
00011726.jpg,0.7674768,0,1.194118246
00035194.jpg,0.7677948,0,1.195901046
00037513.jpg,0.7689552,0,1.202421079
00027179.jpg,0.7698294,0,1.207348159
00045763.jpg,0.770173,0,1.209288313
00039051.jpg,0.770517,0,1.211232765
00007836.jpg,0.7705324,0,1.211319861
00027419.jpg,0.770678,0,1.212143517
00045495.jpg,0.7708028,0,1.212849801
00024745.jpg,0.771392,0,1.216187929
00035217.jpg,0.7714138,0,1.216311553
00003407.jpg,0.771732,0,1.218116962
00019918.jpg,0.7719802,0,1.219526435
00036510.jpg,0.7721764,0,1.220641376
00044323.jpg,0.7725948,0,1.223021271
00036785.jpg,0.7726194,0,1.223161294
00023409.jpg,0.7729632,0,1.225119322
00039653.jpg,0.7730472,0,1.225598041
00025454.jpg,0.773484,0,1.228089402
00043692.jpg,0.773543,0,1.228426179
00028988.jpg,0.774284,0,1.232661159
00048165.jpg,0.7745434,0,1.234146015
00023888.jpg,0.7747312,0,1.235221775
00013255.jpg,0.7748952,0,1.236161723
00046268.jpg,0.7755542,0,1.239943618
00041162.jpg,0.7757744,0,1.241209068
00042386.jpg,0.775839,0,1.241580481
00041916.jpg,0.7761634,0,1.243446744
00040643.jpg,0.7761698,0,1.243483582
00044641.jpg,0.7762396,0,1.243885399
00039187.jpg,0.7766182,0,1.246066437
00023360.jpg,0.7774894,0,1.25109527
00027483.jpg,0.778306,0,1.25582171
00019263.jpg,0.778648,0,1.257804888
00037834.jpg,0.7791962,0,1.260988351
00025970.jpg,0.7791964,0,1.260989514
00042268.jpg,0.7797484,0,1.264200774
00046752.jpg,0.7798658,0,1.264884493
00038424.jpg,0.780211,0,1.266896401
00006975.jpg,0.7805908,0,1.269112589
00036003.jpg,0.7806342,0,1.26936601
00004811.jpg,0.7807676,0,1.270145184
00009880.jpg,0.781394,0,1.273808481
00034650.jpg,0.7819116,0,1.276841205
00024912.jpg,0.7820238,0,1.277499292
00047279.jpg,0.782229,0,1.278703485
00043309.jpg,0.782233,0,1.278726966
00035877.jpg,0.7824732,0,1.280137611
00038711.jpg,0.782598,0,1.28087098
00043637.jpg,0.7831822,0,1.284307994
00014682.jpg,0.783416,0,1.285685382
00006292.jpg,0.783457,0,1.285927036
00023041.jpg,0.7834938,0,1.286143964
00045517.jpg,0.783586,0,1.28668758
00042998.jpg,0.7836174,0,1.286872754
00047844.jpg,0.7838088,0,1.288001912
00026093.jpg,0.7838698,0,1.288361931
00048447.jpg,0.7839102,0,1.288600411
00039146.jpg,0.785198,0,1.296219242
00035020.jpg,0.7860416,0,1.301228114
00039982.jpg,0.7863846,0,1.303268784
00037965.jpg,0.788037,0,1.313133312
00015343.jpg,0.7880444,0,1.313177615
00038309.jpg,0.7893758,0,1.321167004
00039156.jpg,0.789462,0,1.321685541
00007211.jpg,0.7895654,0,1.322307751
00047097.jpg,0.7899866,0,1.324844645
00021877.jpg,0.7905848,0,1.328454041
00046412.jpg,0.790947,0,1.330643153
00028220.jpg,0.7910344,0,1.331171811
00002372.jpg,0.7925662,0,1.340463783
00042812.jpg,0.7932822,0,1.344824444
00027839.jpg,0.7934328,0,1.345743065
00039830.jpg,0.7935512,0,1.346465622
00006251.jpg,0.7941826,0,1.350324042
00034277.jpg,0.7942246,0,1.35058101
00034987.jpg,0.7945382,0,1.352500937
00007068.jpg,0.7947512,0,1.353806208
00048133.jpg,0.7948286,0,1.354280767
00018916.jpg,0.7952312,0,1.356751352
00027879.jpg,0.7952478,0,1.356853297
00010713.jpg,0.7959338,0,1.361071566
00021640.jpg,0.7964044,0,1.363971424
00026398.jpg,0.7966522,0,1.365500384
00039458.jpg,0.7966802,0,1.365673235
00008550.jpg,0.7968816,0,1.36691705
00047207.jpg,0.7969048,0,1.367060389
00028190.jpg,0.7989164,0,1.379535568
00034591.jpg,0.7990812,0,1.380561721
00024956.jpg,0.800491,0,1.389365941
00002096.jpg,0.8022474,0,1.400400285
00037276.jpg,0.8027412,0,1.403515798
00040746.jpg,0.8033736,0,1.40751438
00009672.jpg,0.8036528,0,1.409282814
00009159.jpg,0.8037226,0,1.40972522
00013839.jpg,0.8038302,0,1.410407442
00045038.jpg,0.804765,0,1.416346348
00047253.jpg,0.8049278,0,1.417382838
00038024.jpg,0.8052912,0,1.419698842
00045201.jpg,0.8057812,0,1.422826883
00040523.jpg,0.8065656,0,1.427846796
00023618.jpg,0.8067282,0,1.42888932
00048515.jpg,0.8071868,0,1.431833272
00021549.jpg,0.8075868,0,1.434405399
00046115.jpg,0.8078002,0,1.435779295
00028494.jpg,0.807958,0,1.436795979
00007842.jpg,0.808103,0,1.437730756
00035781.jpg,0.8092232,0,1.444970617
00017682.jpg,0.810081,0,1.450536577
00027954.jpg,0.8100954,0,1.450630178
00005817.jpg,0.8103306,0,1.452159756
00045982.jpg,0.8115578,0,1.460164282
00014889.jpg,0.8116526,0,1.460784286
00047590.jpg,0.8122672,0,1.464809675
00042218.jpg,0.8133908,0,1.472195092
00034666.jpg,0.8135346,0,1.473142759
00026432.jpg,0.81388,0,1.475421308
00017007.jpg,0.8154234,0,1.485642934
00025139.jpg,0.815426,0,1.485660209
00037108.jpg,0.8154712,0,1.485960557
00043514.jpg,0.8154868,0,1.48606423
00041589.jpg,0.8163082,0,1.491532627
00007769.jpg,0.818193,0,1.504152565
00040618.jpg,0.8183298,0,1.505072478
00046236.jpg,0.8183454,0,1.505177415
00036277.jpg,0.8184956,0,1.506188125
00044874.jpg,0.8185964,0,1.506866783
00024793.jpg,0.8196338,0,1.513868426
00044791.jpg,0.8199998,0,1.516346134
00042222.jpg,0.8203098,0,1.518447817
00041751.jpg,0.8210424,0,1.523425846
00024648.jpg,0.8215298,0,1.526746571
00013622.jpg,0.822142,0,1.53092765
00025681.jpg,0.822924,0,1.536284832
00034060.jpg,0.8232628,0,1.538611586
00009380.jpg,0.8233548,0,1.539244012
00037096.jpg,0.823773,0,1.54212207
00043751.jpg,0.8241882,0,1.544984797
00004194.jpg,0.8251176,0,1.551412174
00039144.jpg,0.8255782,0,1.554607486
00046971.jpg,0.8257786,0,1.555999795
00047342.jpg,0.8263798,0,1.560184319
00019749.jpg,0.8263982,0,1.560312569
00023994.jpg,0.8274184,0,1.567440324
00037128.jpg,0.8278376,0,1.570378782
00048086.jpg,0.8287384,0,1.576712332
00002213.jpg,0.8287862,0,1.577049153
00048612.jpg,0.8296264,0,1.582981806
00029190.jpg,0.8296388,0,1.583069536
00028735.jpg,0.8303074,0,1.587807429
00003529.jpg,0.8311936,0,1.594110244
00026632.jpg,0.831349,0,1.595218192
00028026.jpg,0.8322148,0,1.601405991
00017880.jpg,0.8328252,0,1.605783805
00043671.jpg,0.8328562,0,1.606006478
00026481.jpg,0.8329758,0,1.606865878
00039251.jpg,0.833117,0,1.60788112
00046535.jpg,0.834188,0,1.61560418
00044143.jpg,0.835443,0,1.624705108
00042686.jpg,0.835487,0,1.625025194
00035472.jpg,0.8356166,0,1.625968391
00028637.jpg,0.8356714,0,1.626367392
00027333.jpg,0.835819,0,1.627442605
00015805.jpg,0.8359926,0,1.628708213
00035862.jpg,0.8363756,0,1.631504237
00041721.jpg,0.8365098,0,1.632485186
00029108.jpg,0.8367682,0,1.634375814
00011059.jpg,0.8375428,0,1.640057784
00038526.jpg,0.8381004,0,1.644161512
00044508.jpg,0.838251,0,1.645271827
00003688.jpg,0.8400856,0,1.658865119
00041558.jpg,0.8407096,0,1.663517346
00040828.jpg,0.8425654,0,1.677441151
00047754.jpg,0.8435638,0,1.684987277
00028673.jpg,0.8441712,0,1.689597349
00045096.jpg,0.8451656,0,1.697176426
00028019.jpg,0.846108,0,1.704395953
00044196.jpg,0.846141,0,1.704649414
00019185.jpg,0.8467416,0,1.709270186
00026780.jpg,0.8469398,0,1.71079831
00003278.jpg,0.8474174,0,1.714487283
00034723.jpg,0.8475686,0,1.715657121
00005664.jpg,0.8486358,0,1.723941266
00021849.jpg,0.8490626,0,1.727267736
00035552.jpg,0.8491514,0,1.727960813
00017894.jpg,0.8491992,0,1.728334027
00047708.jpg,0.8497,0,1.732250049
00034290.jpg,0.8527388,0,1.756245406
00037313.jpg,0.8527802,0,1.756575127
00040586.jpg,0.8530694,0,1.758880538
00036744.jpg,0.8531276,0,1.759344943
00026995.jpg,0.8545188,0,1.770491635
00027241.jpg,0.8546566,0,1.771600532
00010707.jpg,0.8553432,0,1.777138752
00039916.jpg,0.8553716,0,1.7773683
00048023.jpg,0.855939,0,1.781962291
00046089.jpg,0.8564616,0,1.786206888
00045718.jpg,0.8573436,0,1.79339983
00002339.jpg,0.8591642,0,1.808365383
00002937.jpg,0.859779,0,1.81345563
00021319.jpg,0.8627938,0,1.838690825
00015133.jpg,0.86404,0,1.849258339
00047090.jpg,0.8643822,0,1.852174397
00025179.jpg,0.8658742,0,1.864961467
00017981.jpg,0.8669276,0,1.874062126
00043074.jpg,0.8689196,0,1.891439725
00047020.jpg,0.8705544,0,1.905869534
00036246.jpg,0.8723016,0,1.921464002
00011840.jpg,0.8725112,0,1.923346973
00038822.jpg,0.8726112,0,1.924246269
00018527.jpg,0.8732016,0,1.929568033
00015259.jpg,0.8752038,0,1.947774767
00012693.jpg,0.8775796,0,1.969706641
00036478.jpg,0.8791482,0,1.984388483
00015636.jpg,0.8826296,0,2.017570887
00043126.jpg,0.8862474,0,2.052970229
00039774.jpg,0.8874956,0,2.065411232
00010616.jpg,0.8879818,0,2.070289889
00024037.jpg,0.8909314,0,2.10029039
00046129.jpg,0.8922952,0,2.114402868
00013367.jpg,0.8943394,0,2.135853275
00035009.jpg,0.894857,0,2.141342601
00041990.jpg,0.8959224,0,2.152717027
00015514.jpg,0.8965756,0,2.159741706
00036931.jpg,0.8972454,0,2.166985782
00001872.jpg,0.897403,0,2.168696344
00033881.jpg,0.9009024,0,2.207291705
00037268.jpg,0.9033332,0,2.234821464
00039734.jpg,0.9080546,0,2.290109586
00044423.jpg,0.9349978,0,2.666123061
00027680.jpg,0.4592712,1,-0.163276974
00041300.jpg,0.5021282,1,0.008512851
00014581.jpg,0.5140236,1,0.056109116
00043078.jpg,0.523959,1,0.095909452
00015543.jpg,0.5328074,1,0.131418416
00005991.jpg,0.5329836,1,0.13212628
00047546.jpg,0.5425838,1,0.170748845
00045772.jpg,0.54574,1,0.183472951
00034281.jpg,0.556786,1,0.228128242
00042100.jpg,0.5640894,1,0.257775573
00040399.jpg,0.5692316,1,0.278716791
00028803.jpg,0.5719872,1,0.289963512
00048126.jpg,0.5750786,1,0.302602516
00047034.jpg,0.5751782,1,0.303010119
00045860.jpg,0.5765634,1,0.30868151
00011992.jpg,0.5774612,1,0.312359977
00044743.jpg,0.577942,1,0.314330772
00045393.jpg,0.5864064,1,0.349129215
00003914.jpg,0.5877954,1,0.3548591
00039625.jpg,0.58851,1,0.3578092
00044411.jpg,0.5896736,1,0.362616223
00041845.jpg,0.592372,1,0.373779822
00034443.jpg,0.5932082,1,0.377243927
00004771.jpg,0.6020096,1,0.413845508
00042908.jpg,0.6051652,1,0.427034029
00042776.jpg,0.6071074,1,0.435169419
00025892.jpg,0.6096666,1,0.445911005
00043641.jpg,0.6132614,1,0.46104226
00007327.jpg,0.6150434,1,0.468562234
00046599.jpg,0.6153052,1,0.469668112
00047239.jpg,0.6171878,1,0.477628824
00041004.jpg,0.6183646,1,0.482612549
00039675.jpg,0.6211078,1,0.494252926
00040673.jpg,0.6230884,1,0.502677726
00047044.jpg,0.623897,1,0.506122249
00024835.jpg,0.6240668,1,0.506845946
00046146.jpg,0.6260402,1,0.515266281
00039304.jpg,0.6265448,1,0.517422229
00010876.jpg,0.6270026,1,0.519379238
00043337.jpg,0.6297108,1,0.530976344
00046344.jpg,0.6316262,1,0.53919958
00035106.jpg,0.6320522,1,0.541030905
00042532.jpg,0.6330528,1,0.545335862
00042556.jpg,0.6368436,1,0.561690504
00048005.jpg,0.636851,1,0.561722501
00028887.jpg,0.6384254,1,0.56853645
00045667.jpg,0.6389864,1,0.57096754
00035466.jpg,0.6392754,1,0.572220561
00046419.jpg,0.6399658,1,0.57521571
00046833.jpg,0.6411006,1,0.580144261
00039924.jpg,0.6430296,1,0.588537892
00000032.jpg,0.6444442,1,0.594706041
00040603.jpg,0.644845,1,0.596455664
00044131.jpg,0.6464106,1,0.603298553
00041797.jpg,0.6465224,1,0.603787729
00016811.jpg,0.6470762,1,0.606211892
00025607.jpg,0.6496744,1,0.617608307
00046040.jpg,0.6499612,1,0.618868663
00041054.jpg,0.650028,1,0.619162288
00044499.jpg,0.6500672,1,0.619334606
00040448.jpg,0.650195,1,0.619896462
00034936.jpg,0.6506128,1,0.621733925
00041358.jpg,0.6512032,1,0.624332211
00040768.jpg,0.6517544,1,0.626759826
00044657.jpg,0.6526664,1,0.630780424
00017832.jpg,0.6533662,1,0.633868877
00047300.jpg,0.6541838,1,0.637480932
00039567.jpg,0.6543556,1,0.638240434
00041332.jpg,0.6543862,1,0.63837573
00044771.jpg,0.655254,1,0.642215033
00027402.jpg,0.6604368,1,0.665241349
00041486.jpg,0.6608032,1,0.666875595
00020705.jpg,0.6620698,1,0.672531623
00043874.jpg,0.6621046,1,0.672687169
00042500.jpg,0.662312,1,0.673614352
00042986.jpg,0.663045,1,0.676893471
00015502.jpg,0.6644602,1,0.683234403
00040727.jpg,0.66528,1,0.686913643
00047809.jpg,0.6653334,1,0.687153456
00010837.jpg,0.6657362,1,0.688962994
00036194.jpg,0.6692534,1,0.704810239
00041755.jpg,0.6696228,1,0.706479537
00040328.jpg,0.6699042,1,0.707751802
00047054.jpg,0.6705994,1,0.7108973
00044109.jpg,0.6706264,1,0.711019532
00025987.jpg,0.6730602,1,0.72205872
00048656.jpg,0.6733528,1,0.723388723
00018874.jpg,0.673444,1,0.723803395
00043563.jpg,0.674544,1,0.728809631
00026390.jpg,0.6749658,1,0.730731615
00037258.jpg,0.6756494,1,0.733849273
00043349.jpg,0.6765204,1,0.737826551
00042688.jpg,0.6767726,1,0.738979223
00024906.jpg,0.6769638,1,0.739853409
00040811.jpg,0.6781586,1,0.745322306
00046315.jpg,0.6786424,1,0.74753981
00039179.jpg,0.680489,1,0.756019955
00024489.jpg,0.6807836,1,0.757375245
00001440.jpg,0.6817586,1,0.761865422
00042969.jpg,0.6824898,1,0.765237638
00003350.jpg,0.68281,1,0.766715673
00043859.jpg,0.6852712,1,0.778103357
00044004.jpg,0.68528,1,0.778144159
00042290.jpg,0.6853146,1,0.778304593
00036330.jpg,0.6859812,1,0.781397365
00048121.jpg,0.6860194,1,0.781574707
00042647.jpg,0.6860644,1,0.781783632
00027252.jpg,0.6860962,1,0.781931282
00047476.jpg,0.6863744,1,0.783223334
00048149.jpg,0.6866008,1,0.784275269
00047724.jpg,0.6868586,1,0.785473603
00041278.jpg,0.6873506,1,0.787762062
00036580.jpg,0.6875226,1,0.788562555
00025517.jpg,0.6876412,1,0.789114663
00041404.jpg,0.6876712,1,0.789254338
00048395.jpg,0.6878492,1,0.790083223
00042152.jpg,0.68821,1,0.79176414
00043594.jpg,0.6883756,1,0.792536003
00046422.jpg,0.6887514,1,0.794288443
00001157.jpg,0.6888292,1,0.794651387
00036070.jpg,0.6890772,1,0.795808661
00045477.jpg,0.6895478,1,0.798006076
00039624.jpg,0.6898814,1,0.799564894
00044237.jpg,0.6911976,1,0.805724155
00039743.jpg,0.6912816,1,0.806117732
00046314.jpg,0.6922652,1,0.810730746
00044664.jpg,0.6922768,1,0.810785198
00033746.jpg,0.6932916,1,0.815553231
00046145.jpg,0.693471,1,0.816397054
00000342.jpg,0.6940686,1,0.819209909
00039124.jpg,0.6945456,1,0.821457315
00042229.jpg,0.6948532,1,0.822907628
00040599.jpg,0.6953566,1,0.825282895
00044621.jpg,0.6967384,1,0.831814218
00041123.jpg,0.6975176,1,0.835504652
00011691.jpg,0.6987046,1,0.84113687
00048661.jpg,0.6992072,1,0.843525466
00045991.jpg,0.6993128,1,0.844027617
00040042.jpg,0.6997498,1,0.846106716
00025659.jpg,0.700029,1,0.847435959
00041023.jpg,0.7001648,1,0.848082746
00046668.jpg,0.7004064,1,0.849233848
00043587.jpg,0.7013576,1,0.853771014
00042432.jpg,0.7016318,1,0.855080471
00041067.jpg,0.7017388,1,0.855591642
00040783.jpg,0.7018238,1,0.855997788
00043554.jpg,0.7024064,1,0.858783357
00008345.jpg,0.7042998,1,0.867858015
00009314.jpg,0.704948,1,0.870972429
00037574.jpg,0.7049724,1,0.871089742
00034886.jpg,0.704994,1,0.871193597
00045307.jpg,0.7051246,1,0.871821631
00046687.jpg,0.7052236,1,0.872297813
00027428.jpg,0.7058442,1,0.875284974
00035478.jpg,0.7061256,1,0.87664066
00028730.jpg,0.7063224,1,0.877589223
00045821.jpg,0.7066518,1,0.879177742
00043831.jpg,0.7072808,1,0.88221397
00005256.jpg,0.707576,1,0.88364024
00045630.jpg,0.7079098,1,0.885254026
00045066.jpg,0.7081804,1,0.88656306
00040773.jpg,0.7084108,1,0.887678189
00043780.jpg,0.7087524,1,0.889332477
00039271.jpg,0.7088058,1,0.889591184
00002548.jpg,0.7091478,1,0.891248733
00044040.jpg,0.7097302,1,0.894074063
00042213.jpg,0.7105598,1,0.898104397
00039296.jpg,0.7111656,1,0.901051801
00005178.jpg,0.7115204,1,0.902779716
00042378.jpg,0.7118234,1,0.90425636
00035086.jpg,0.7120252,1,0.905240328
00042575.jpg,0.7123292,1,0.906723393
00041684.jpg,0.7125264,1,0.907685934
00047197.jpg,0.7128144,1,0.909092381
00048097.jpg,0.7132368,1,0.911156695
00017028.jpg,0.713667,1,0.913260998
00044028.jpg,0.7137454,1,0.913644692
00029251.jpg,0.7141622,1,0.91568559
00016768.jpg,0.7145512,1,0.917591975
00048185.jpg,0.7146224,1,0.917941076
00037853.jpg,0.7146674,1,0.918161742
00046072.jpg,0.7146904,1,0.918274535
00040229.jpg,0.7147498,1,0.918565862
00040950.jpg,0.7149892,1,0.919740363
00047169.jpg,0.715873,1,0.924081456
00046109.jpg,0.715955,1,0.92448464
00019742.jpg,0.71607,1,0.925050199
00041926.jpg,0.7162598,1,0.92598392
00041539.jpg,0.716947,1,0.929367759
00029333.jpg,0.7177644,1,0.933399198
00027613.jpg,0.7178072,1,0.933610484
00048697.jpg,0.718057,1,0.93484403
00043371.jpg,0.7182048,1,0.935574199
00041911.jpg,0.718343,1,0.936257152
00016794.jpg,0.7187714,1,0.938375504
00045232.jpg,0.7188732,1,0.938879173
00045890.jpg,0.7201982,1,0.945444957
00046868.jpg,0.7206964,1,0.947918605
00043999.jpg,0.721083,1,0.949840002
00039239.jpg,0.723445,1,0.961614808
00045102.jpg,0.7235712,1,0.962245668
00028951.jpg,0.7236116,1,0.962447661
00022065.jpg,0.7238628,1,0.963704028
00020413.jpg,0.7243092,1,0.965938425
00039232.jpg,0.7260932,1,0.974890479
00024720.jpg,0.7262996,1,0.975928524
00013484.jpg,0.7264756,1,0.976814065
00042391.jpg,0.7272538,1,0.98073383
00026247.jpg,0.7289808,1,0.989457727
00014074.jpg,0.7292042,1,0.990588771
00001795.jpg,0.7296896,1,0.99304831
00019716.jpg,0.7300266,1,0.994757536
00046960.jpg,0.7301266,1,0.995264984
00012221.jpg,0.730632,1,0.997831439
00039967.jpg,0.7315484,1,1.002492747
00044744.jpg,0.7322982,1,1.006314134
00029243.jpg,0.7326338,1,1.008026732
00048353.jpg,0.7328576,1,1.009169563
00042914.jpg,0.7331694,1,1.01076278
00025318.jpg,0.7332758,1,1.011306727
00034081.jpg,0.733738,1,1.01367123
00007178.jpg,0.7339562,1,1.014788397
00036152.jpg,0.7339998,1,1.015011695
00043586.jpg,0.734413,1,1.01712907
00021808.jpg,0.7351826,1,1.021078372
00001751.jpg,0.7356612,1,1.023538073
00036236.jpg,0.7357186,1,1.023833264
00037006.jpg,0.7358092,1,1.024299277
00037603.jpg,0.7360286,1,1.025428213
00039236.jpg,0.7362632,1,1.026636027
00008822.jpg,0.7370958,1,1.030928163
00044820.jpg,0.7373966,1,1.032480966
00027071.jpg,0.7376608,1,1.033845775
00039720.jpg,0.737736,1,1.034234407
00042857.jpg,0.7381252,1,1.036246931
00027789.jpg,0.7382694,1,1.036993068
00015122.jpg,0.738342,1,1.037368824
00028570.jpg,0.7395378,1,1.043567651
00020597.jpg,0.7399154,1,1.045528893
00018217.jpg,0.7399576,1,1.045748193
00010769.jpg,0.7409338,1,1.050827655
00028322.jpg,0.742033,1,1.056562047
00046848.jpg,0.7423398,1,1.058165427
00027514.jpg,0.742736,1,1.06023787
00041340.jpg,0.7429442,1,1.061327759
00000312.jpg,0.7434228,1,1.063835333
00047883.jpg,0.7435966,1,1.064746698
00047565.jpg,0.7438926,1,1.066299782
00045339.jpg,0.744167,1,1.067740584
00045870.jpg,0.7444422,1,1.069186606
00039929.jpg,0.7445736,1,1.0698774
00026332.jpg,0.7447534,1,1.07082302
00026197.jpg,0.7451882,1,1.07311157
00018307.jpg,0.7451896,1,1.073118943
00043275.jpg,0.745418,1,1.07432215
00046375.jpg,0.7456308,1,1.075443817
00047554.jpg,0.7458396,1,1.076545
00038958.jpg,0.7458938,1,1.076830941
00010754.jpg,0.7465156,1,1.080114232
00040110.jpg,0.7467254,1,1.081223238
00045924.jpg,0.7468148,1,1.081695993
00023633.jpg,0.7484002,1,1.090098132
00047946.jpg,0.748911,1,1.092812693
00042256.jpg,0.7491072,1,1.093856341
00022108.jpg,0.7493456,1,1.095125194
00002283.jpg,0.7500416,1,1.098834168
00002475.jpg,0.750415,1,1.100826848
00034404.jpg,0.7507182,1,1.102446365
00020221.jpg,0.7511202,1,1.104595643
00016543.jpg,0.751717,1,1.107790699
00043741.jpg,0.752248,1,1.110637811
00026360.jpg,0.7525328,1,1.112166536
00043527.jpg,0.7526708,1,1.112907705
00047653.jpg,0.752721,1,1.113177387
00028565.jpg,0.752963,1,1.114477967
00048550.jpg,0.7531516,1,1.115492153
00038890.jpg,0.7534114,1,1.116890066
00025729.jpg,0.7534704,1,1.117207667
00016140.jpg,0.7536384,1,1.118112302
00046445.jpg,0.7543474,1,1.121934662
00041874.jpg,0.7544238,1,1.122346993
00042305.jpg,0.754554,1,1.123049882
00025215.jpg,0.7549226,1,1.125041148
00025231.jpg,0.7549258,1,1.125058444
00048408.jpg,0.755339,1,1.127293076
00041175.jpg,0.7558338,1,1.12997237
00024642.jpg,0.756513,1,1.133656164
00007298.jpg,0.7568378,1,1.135420253
00009805.jpg,0.7571964,1,1.137369779
00020430.jpg,0.7576998,1,1.140109812
00034978.jpg,0.7585804,1,1.144912293
00047649.jpg,0.7586444,1,1.145261792
00046390.jpg,0.7587488,1,1.145832047
00035457.jpg,0.7590702,1,1.147588658
00036593.jpg,0.759187,1,1.148227425
00047529.jpg,0.7592138,1,1.148374021
00005508.jpg,0.7593458,1,1.149096225
00026678.jpg,0.759755,1,1.151336777
00003945.jpg,0.7598982,1,1.152121477
00024072.jpg,0.7599662,1,1.152494212
00048173.jpg,0.7609336,1,1.157804763
00044240.jpg,0.761471,1,1.160761193
00028904.jpg,0.7615206,1,1.16103429
00047009.jpg,0.7627282,1,1.167695423
00005487.jpg,0.7632972,1,1.170842125
00018626.jpg,0.7641686,1,1.175671303
00010843.jpg,0.7643916,1,1.176909119
00024372.jpg,0.7649108,1,1.179794209
00048275.jpg,0.7650938,1,1.180812155
00029535.jpg,0.7653002,1,1.181960924
00009845.jpg,0.7657492,1,1.184462365
00046956.jpg,0.7660322,1,1.186040706
00043524.jpg,0.766044,1,1.186106546
00038842.jpg,0.766112,1,1.186486005
00047753.jpg,0.7669178,1,1.190988444
00045901.jpg,0.7669312,1,1.191063408
00040687.jpg,0.7671576,1,1.192330426
00040961.jpg,0.7673112,1,1.193190517
00038984.jpg,0.7674434,1,1.193931095
00046104.jpg,0.7675086,1,1.19429645
00044113.jpg,0.7686836,1,1.200892971
00017785.jpg,0.7688004,1,1.201549971
00043322.jpg,0.7690826,1,1.203138305
00045808.jpg,0.7697342,1,1.206810967
00013043.jpg,0.7698172,1,1.207279308
00044177.jpg,0.7707416,1,1.212503417
00004466.jpg,0.7713428,1,1.215908953
00041066.jpg,0.7724462,1,1.222175668
00041097.jpg,0.7727364,1,1.223827404
00045665.jpg,0.7727818,1,1.224085943
00006715.jpg,0.773173,1,1.226315215
00035751.jpg,0.7734968,1,1.22816246
00002365.jpg,0.774224,1,1.23231788
00026103.jpg,0.7742812,1,1.232645138
00045779.jpg,0.7746416,1,1.234708447
00027052.jpg,0.7748074,1,1.235658446
00029073.jpg,0.7755062,1,1.239667888
00011213.jpg,0.7763786,1,1.244685844
00012499.jpg,0.7765272,1,1.245541965
00008947.jpg,0.7767336,1,1.246731757
00042517.jpg,0.777301,1,1.250006579
00045329.jpg,0.7773056,1,1.250033153
00042628.jpg,0.7774742,1,1.25100741
00022603.jpg,0.7775072,1,1.251198163
00040602.jpg,0.7777284,1,1.252477305
00024501.jpg,0.7777376,1,1.252530526
00017024.jpg,0.7780652,1,1.25442668
00003464.jpg,0.7786318,1,1.257710898
00009226.jpg,0.7786944,1,1.258074119
00039490.jpg,0.7788024,1,1.258700935
00036710.jpg,0.7790312,1,1.260029581
00046810.jpg,0.7797846,1,1.264411569
00044680.jpg,0.7800552,1,1.265988081
00035468.jpg,0.7805612,1,1.26893977
00048215.jpg,0.781641,1,1.275255059
00035041.jpg,0.7822324,1,1.278723444
00034430.jpg,0.7826512,1,1.281183694
00006428.jpg,0.7830828,1,1.283722724
00027550.jpg,0.7832994,1,1.284998321
00026455.jpg,0.7833474,1,1.285281127
00048516.jpg,0.7842714,1,1.290733998
00039069.jpg,0.7845082,1,1.292134167
00008536.jpg,0.7845286,1,1.292254842
00045629.jpg,0.7846506,1,1.292976698
00042774.jpg,0.7847982,1,1.293850422
00043288.jpg,0.7857754,1,1.299646004
00046861.jpg,0.7858012,1,1.299799278
00034117.jpg,0.7863142,1,1.302849746
00043184.jpg,0.7877416,1,1.311365717
00048681.jpg,0.7884392,1,1.315542867
00048233.jpg,0.7890352,1,1.319119638
00040592.jpg,0.7890928,1,1.319465705
00012870.jpg,0.7895266,1,1.322074246
00001032.jpg,0.7897086,1,1.323169829
00022117.jpg,0.7899852,1,1.324836207
00047668.jpg,0.7903972,1,1.327321293
00005448.jpg,0.7904992,1,1.327937087
00036843.jpg,0.7905252,1,1.328094089
00015012.jpg,0.790593,1,1.32850357
00045726.jpg,0.7909376,1,1.330586305
00009238.jpg,0.7910896,1,1.331505784
00026472.jpg,0.7912732,1,1.332617074
00043828.jpg,0.7915732,1,1.334434457
00028769.jpg,0.7916504,1,1.334902442
00047791.jpg,0.7920836,1,1.337530866
00014168.jpg,0.7932902,1,1.344873229
00043236.jpg,0.7933454,1,1.345209887
00044736.jpg,0.7938952,1,1.348566685
00039908.jpg,0.7944292,1,1.351833369
00016256.jpg,0.7944546,1,1.351988907
00047142.jpg,0.7945928,1,1.352835432
00042653.jpg,0.79521,1,1.356621167
00007802.jpg,0.7952826,1,1.357067032
00042758.jpg,0.795542,1,1.358661068
00011824.jpg,0.7960068,1,1.361521069
00042778.jpg,0.7968884,1,1.366959062
00047165.jpg,0.7970868,1,1.36818528
00040704.jpg,0.7974814,1,1.370626777
00043166.jpg,0.7975352,1,1.370959927
00026683.jpg,0.7978762,1,1.373073067
00023966.jpg,0.7979916,1,1.37378879
00037661.jpg,0.8002366,1,1.387773768
00041871.jpg,0.8005424,1,1.389687816
00048053.jpg,0.8009788,1,1.392423128
00020301.jpg,0.8011208,1,1.393314142
00038457.jpg,0.8015566,1,1.396051666
00025598.jpg,0.8021242,1,1.399623898
00028231.jpg,0.8023756,1,1.401208568
00047354.jpg,0.8024842,1,1.401893585
00044559.jpg,0.802547,1,1.402289839
00040864.jpg,0.80283,1,1.404076685
00037772.jpg,0.8043062,1,1.41342885
00026913.jpg,0.8052268,1,1.419288172
00000143.jpg,0.8053226,1,1.419899113
00021995.jpg,0.8059384,1,1.423831678
00028073.jpg,0.8072832,1,1.432452782
00011019.jpg,0.8072904,1,1.432499062
00028702.jpg,0.8075082,1,1.433899654
00005765.jpg,0.8078296,1,1.435968667
00039212.jpg,0.8087772,1,1.442084237
00048124.jpg,0.8088996,1,1.442875861
00044082.jpg,0.8091506,1,1.44450042
00040308.jpg,0.8092862,1,1.44537875
00002821.jpg,0.8094974,1,1.446747718
00000414.jpg,0.809573,1,1.447238029
00014916.jpg,0.8096718,1,1.44787903
00013126.jpg,0.8102364,1,1.45154697
00027449.jpg,0.810767,1,1.455001653
00044797.jpg,0.8107682,1,1.455009475
00039627.jpg,0.8121756,1,1.464209089
00035888.jpg,0.812321,1,1.465162526
00027588.jpg,0.8126092,1,1.467054029
00017871.jpg,0.8133848,1,1.472155564
00002281.jpg,0.8134304,1,1.472456007
00046732.jpg,0.8139498,1,1.475882164
00038874.jpg,0.8142984,1,1.478185799
00034698.jpg,0.8173414,1,1.498438041
00046604.jpg,0.817645,1,1.50047292
00040263.jpg,0.8179924,1,1.502804601
00014949.jpg,0.8184088,1,1.50560396
00016657.jpg,0.8188406,1,1.508512131
00024583.jpg,0.8198866,1,1.515579385
00042707.jpg,0.820098,1,1.517011587
00040810.jpg,0.8211968,1,1.524477029
00040066.jpg,0.8217796,1,1.528451246
00042302.jpg,0.8218106,1,1.528662925
00026337.jpg,0.8219666,1,1.529728588
00002587.jpg,0.8225408,1,1.533657363
00009118.jpg,0.822898,1,1.536106418
00004876.jpg,0.8247236,1,1.548684143
00023906.jpg,0.825336,1,1.552926448
00042689.jpg,0.8273028,1,1.566630999
00048570.jpg,0.829216,1,1.580081076
00041134.jpg,0.8300462,1,1.585954726
00025737.jpg,0.83006,1,1.586052554
00017275.jpg,0.8301518,1,1.586703479
00041239.jpg,0.8304542,1,1.588849683
00044041.jpg,0.8306242,1,1.590057551
00024781.jpg,0.8311476,1,1.593782436
00046391.jpg,0.8326144,1,1.604270497
00035566.jpg,0.832872,1,1.606119983
00040139.jpg,0.8353306,1,1.623887747
00016689.jpg,0.8355408,1,1.625416665
00027501.jpg,0.835952,1,1.628412127
00043669.jpg,0.8361898,1,1.63014718
00002687.jpg,0.8395292,1,1.654729264
00005866.jpg,0.8395594,1,1.65495345
00017416.jpg,0.8397506,1,1.656373591
00037567.jpg,0.840037,1,1.6585034
00002237.jpg,0.8402738,1,1.660266692
00029169.jpg,0.84053,1,1.662176828
00004103.jpg,0.8427696,1,1.678981366
00020156.jpg,0.8428036,1,1.679237974
00043555.jpg,0.8435272,1,1.684709955
00039234.jpg,0.8438324,1,1.687024107
00041413.jpg,0.8444378,1,1.691625429
00046484.jpg,0.8456842,1,1.701144852
00025749.jpg,0.846569,1,1.707940756
00025641.jpg,0.847435,1,1.714623405
00009456.jpg,0.8480382,1,1.719296508
00044236.jpg,0.8485398,1,1.723194106
00029148.jpg,0.8499158,1,1.733940816
00046045.jpg,0.85,1,1.734601055
00048572.jpg,0.8509186,1,1.741824006
00045452.jpg,0.8516112,1,1.747294228
00027828.jpg,0.853611,1,1.763208124
00001847.jpg,0.8546198,1,1.771304312
00029249.jpg,0.8564826,1,1.78637772
00033984.jpg,0.8565076,1,1.786581119
00043679.jpg,0.8570718,1,1.791179289
00026569.jpg,0.8576742,1,1.796105511
00039204.jpg,0.8598432,1,1.813988251
00047841.jpg,0.8602708,1,1.81754096
00015667.jpg,0.860454,1,1.819065861
00003600.jpg,0.8604658,1,1.819164138
00027183.jpg,0.8640572,1,1.849404761
00018131.jpg,0.8646056,1,1.854081449
00012261.jpg,0.865142,1,1.858671282
00012943.jpg,0.8656598,1,1.863116602
00000487.jpg,0.8661184,1,1.867065792
00044009.jpg,0.866526,1,1.870585412
00026120.jpg,0.8667826,1,1.872805815
00043536.jpg,0.8684994,1,1.88775548
00029141.jpg,0.8710736,1,1.910484775
00024039.jpg,0.8714836,1,1.914140524
00028039.jpg,0.872779,1,1.925756642
00025114.jpg,0.8747718,1,1.943825379
00046485.jpg,0.8801214,1,1.993580288
00019821.jpg,0.880423,1,1.996441958
00042287.jpg,0.8808592,1,2.000591808
00019884.jpg,0.8843878,1,2.034654167
00016090.jpg,0.8872244,1,2.062697934
00048280.jpg,0.8883234,1,2.073728671
00048563.jpg,0.8924952,1,2.116485638
00026571.jpg,0.8934878,1,2.126873148
00018961.jpg,0.8938456,1,2.130638415
00025740.jpg,0.8974786,1,2.169517719
00046739.jpg,0.903483,1,2.236538136
00042901.jpg,0.9100482,1,2.314223594
00006053.jpg,0.910376,1,2.31823456